Year,DJX_Return,GDP
2018,-24.62689264,-2.129262916
2019,2.358807172,0.79338953
2020,18.99297424,3.074821063
