Year,DJX_Return,GDP
2018,-62.75792289,-6.291276351
2019,16.73782263,-0.601584678
2020,50.80209459,4.049362727
