Year,DJX_Return,GDP
2018,5.192787193,2.599926948
2019,4.905530745,2.174917406
2020,4.771104853,2.1
